{"cameraMode":{"drawMode":0,"name":"Shaded","section":"Shading Mode"},"sceneLighting":true,"audioPlay":false,"sceneViewState":{"showFog":true,"showMaterialUpdate":false,"showSkybox":true,"showFlares":true,"showImageEffects":true,"showParticleSystems":true},"in2DMode":false,"pivot":{"x":-17.065078735351564,"y":5.0415191650390629,"z":-1.6233179569244385},"rotation":{"x":-0.09620910882949829,"y":0.9024589657783508,"z":-0.32158076763153078,"w":-0.2699952721595764},"size":7.379779815673828,"orthographic":false}